{
    "portfolio_return": 71.7809449274369,
    "benchmark_return": 22.858909193707955,
    "Rf_return": 1.629,
    "mean_return": 0.2383870880906389,
    "std_return": 3.080381407288442,
    "alpha": 0.6129879763940617,
    "beta": 0.5178534757039397,
    "sharpe_ratio": 1.4870395870126571,
    "sharpe_ratio_benchmark": 0.8118779778896527,
    "sortino_ratio": 2.389720314539744,
    "sortino_ratio_benchmark": 0.8938526410467994,
    "information_ratio": 1.041542809562097,
    "max_drawdown": -39.84015518917971
}