{
    "portfolio_return": 10.197352361976744,
    "benchmark_return": 13.035684056311284,
    "Rf_return": 2.488,
    "mean_return": 0.06961775933805557,
    "std_return": 2.5024168402925646,
    "alpha": -0.059580655162367546,
    "beta": 1.2755030829659928,
    "sharpe_ratio": 0.2026061800363567,
    "sharpe_ratio_benchmark": 0.778352891348928,
    "sortino_ratio": 0.2942409744602206,
    "sortino_ratio_benchmark": 0.9636217021976147,
    "information_ratio": -0.08227664167487861,
    "max_drawdown": -46.11265631274295
}