{
    "portfolio_return": 69.7386506917716,
    "benchmark_return": 25.179014197163276,
    "Rf_return": 3.948,
    "mean_return": 0.22455188586050553,
    "std_return": 2.7166436038261144,
    "alpha": 0.19507820270624282,
    "beta": 1.79638244725225,
    "sharpe_ratio": 1.2206054745622523,
    "sharpe_ratio_benchmark": 1.4972004526064875,
    "sortino_ratio": 1.9055865449588265,
    "sortino_ratio_benchmark": 2.1324639018998335,
    "information_ratio": 0.8926062617110004,
    "max_drawdown": -32.791771539398205
}