{
    "portfolio_return": 47.37796544193614,
    "benchmark_return": -4.495490173321559,
    "Rf_return": 0.22430000000000003,
    "mean_return": 0.17590678364441095,
    "std_return": 2.6082051639994783,
    "alpha": 0.5234016937577306,
    "beta": 0.7151384802354238,
    "sharpe_ratio": 1.179832996370393,
    "sharpe_ratio_benchmark": -0.23358176558143467,
    "sortino_ratio": 1.9374258277302954,
    "sortino_ratio_benchmark": -0.35575173275261673,
    "information_ratio": 1.3745829843055957,
    "max_drawdown": -27.08607814972797
}